Algorithm,Avg_Time(s),Success_Rate(%)
MCTS + LLM,2.752864360809326,20.0
CSP Solver,0.0243502140045166,100.0
Hybrid MCTS + CSP,0.04978752136230469,100.0
